{"cameraMode":{"drawMode":0,"name":"Shaded","section":"Shading Mode"},"sceneLighting":false,"audioPlay":false,"sceneViewState":{"showFog":false,"showMaterialUpdate":false,"showSkybox":false,"showFlares":false,"showImageEffects":false,"showParticleSystems":false},"in2DMode":false,"pivot":{"x":528.6913452148438,"y":355.264404296875,"z":85.64862060546875},"rotation":{"x":0.016158347949385644,"y":-0.06235525384545326,"z":-0.0010055700549855829,"w":-0.997931957244873},"size":848.9807739257813,"orthographic":false}